-- ============================================================
-- Seed mínimo para gestión escolar — colegio piloto Maristas
-- ============================================================

-- Colegio piloto (CEIS / Maristas)
INSERT INTO gestion.colegio (id, rbd, nombre, razon_social, dependencia, comuna, region, email)
VALUES (
  '11111111-1111-1111-1111-111111111111',
  '8527-1',
  'Instituto Marista Piloto',
  'Congregación de los Hermanos Maristas',
  'particular_subvencionado',
  'Santiago',
  'Metropolitana',
  'contacto@maristas-piloto.cl'
);

-- Docentes
INSERT INTO gestion.docente (id, colegio_id, rut, nombres, apellido_paterno, apellido_materno, email, roles) VALUES
  ('21111111-1111-1111-1111-111111111111', '11111111-1111-1111-1111-111111111111', '12.345.678-9', 'María', 'González', 'Pérez', 'mgonzalez@maristas-piloto.cl', ARRAY['docente','profesor_jefe']::gestion.rol_docente[]),
  ('21111111-1111-1111-1111-111111111112', '11111111-1111-1111-1111-111111111111', '13.456.789-0', 'Juan', 'Rodríguez', 'Soto',  'jrodriguez@maristas-piloto.cl', ARRAY['docente','profesor_jefe']::gestion.rol_docente[]),
  ('21111111-1111-1111-1111-111111111113', '11111111-1111-1111-1111-111111111111', '14.567.890-1', 'Carolina', 'Muñoz', 'Vega', 'cmunoz@maristas-piloto.cl',    ARRAY['orientador','psicologo']::gestion.rol_docente[]),
  ('21111111-1111-1111-1111-111111111114', '11111111-1111-1111-1111-111111111111', '15.678.901-2', 'Sebastián', 'Pérez', 'Rojas','sperez@maristas-piloto.cl',    ARRAY['direccion','admin_colegio']::gestion.rol_docente[]);

-- Cursos año actual
INSERT INTO gestion.curso (id, colegio_id, ano, nivel, letra, profesor_jefe_id) VALUES
  ('31111111-1111-1111-1111-111111111111', '11111111-1111-1111-1111-111111111111', 2026, '6_basico', 'A', '21111111-1111-1111-1111-111111111111'),
  ('31111111-1111-1111-1111-111111111112', '11111111-1111-1111-1111-111111111111', 2026, '8_basico', 'A', '21111111-1111-1111-1111-111111111112'),
  ('31111111-1111-1111-1111-111111111113', '11111111-1111-1111-1111-111111111111', 2026, '2_medio',  'A', NULL),
  ('31111111-1111-1111-1111-111111111114', '11111111-1111-1111-1111-111111111111', 2026, '4_medio',  'A', NULL);

-- Estudiantes (algunos por curso)
INSERT INTO gestion.estudiante (id, colegio_id, rut, nombres, apellido_paterno, apellido_materno, fecha_nacimiento, genero, fecha_ingreso) VALUES
  ('41111111-1111-1111-1111-111111111101', '11111111-1111-1111-1111-111111111111', '25.111.111-1', 'Sofía',     'López',     'Castro',   '2014-03-15', 'femenino',  '2020-03-01'),
  ('41111111-1111-1111-1111-111111111102', '11111111-1111-1111-1111-111111111111', '25.111.222-2', 'Tomás',     'Martínez',  'Rivas',    '2014-07-22', 'masculino', '2020-03-01'),
  ('41111111-1111-1111-1111-111111111103', '11111111-1111-1111-1111-111111111111', '25.111.333-3', 'Valentina', 'Soto',      'Núñez',    '2014-11-05', 'femenino',  '2020-03-01'),

  ('41111111-1111-1111-1111-111111111201', '11111111-1111-1111-1111-111111111111', '24.222.111-1', 'Diego',     'Pérez',     'Vargas',   '2012-01-18', 'masculino', '2018-03-01'),
  ('41111111-1111-1111-1111-111111111202', '11111111-1111-1111-1111-111111111111', '24.222.222-2', 'Antonia',   'Silva',     'Morales',  '2012-05-30', 'femenino',  '2018-03-01'),

  ('41111111-1111-1111-1111-111111111301', '11111111-1111-1111-1111-111111111111', '22.333.111-1', 'Matías',    'Reyes',     'Cárdenas', '2010-09-12', 'masculino', '2016-03-01'),
  ('41111111-1111-1111-1111-111111111302', '11111111-1111-1111-1111-111111111111', '22.333.222-2', 'Florencia', 'Vega',      'Hernández','2010-02-25', 'femenino',  '2016-03-01'),

  ('41111111-1111-1111-1111-111111111401', '11111111-1111-1111-1111-111111111111', '20.444.111-1', 'Benjamín',  'Hernández', 'Aguilar',  '2008-06-08', 'masculino', '2014-03-01'),
  ('41111111-1111-1111-1111-111111111402', '11111111-1111-1111-1111-111111111111', '20.444.222-2', 'Camila',    'Fuentes',   'Bravo',    '2008-10-14', 'femenino',  '2014-03-01');

-- Matrículas estudiante ↔ curso (año 2026)
INSERT INTO gestion.estudiante_curso (estudiante_id, curso_id, fecha_inicio, numero_lista, activo) VALUES
  ('41111111-1111-1111-1111-111111111101', '31111111-1111-1111-1111-111111111111', '2026-03-01',  1, TRUE),
  ('41111111-1111-1111-1111-111111111102', '31111111-1111-1111-1111-111111111111', '2026-03-01',  2, TRUE),
  ('41111111-1111-1111-1111-111111111103', '31111111-1111-1111-1111-111111111111', '2026-03-01',  3, TRUE),

  ('41111111-1111-1111-1111-111111111201', '31111111-1111-1111-1111-111111111112', '2026-03-01',  1, TRUE),
  ('41111111-1111-1111-1111-111111111202', '31111111-1111-1111-1111-111111111112', '2026-03-01',  2, TRUE),

  ('41111111-1111-1111-1111-111111111301', '31111111-1111-1111-1111-111111111113', '2026-03-01',  1, TRUE),
  ('41111111-1111-1111-1111-111111111302', '31111111-1111-1111-1111-111111111113', '2026-03-01',  2, TRUE),

  ('41111111-1111-1111-1111-111111111401', '31111111-1111-1111-1111-111111111114', '2026-03-01',  1, TRUE),
  ('41111111-1111-1111-1111-111111111402', '31111111-1111-1111-1111-111111111114', '2026-03-01',  2, TRUE);
