-- ============================================================
-- Seed para el libro de clases — Instituto Marista Piloto
-- ============================================================

-- ---------- Asignaturas ----------
INSERT INTO gestion.asignatura (id, colegio_id, codigo, nombre, categoria, color) VALUES
  ('51111111-1111-1111-1111-111111111101', '11111111-1111-1111-1111-111111111111', 'MAT', 'Matemática',          'núcleo', '#2563eb'),
  ('51111111-1111-1111-1111-111111111102', '11111111-1111-1111-1111-111111111111', 'LEN', 'Lenguaje',            'núcleo', '#dc2626'),
  ('51111111-1111-1111-1111-111111111103', '11111111-1111-1111-1111-111111111111', 'HIS', 'Historia',            'núcleo', '#ca8a04'),
  ('51111111-1111-1111-1111-111111111104', '11111111-1111-1111-1111-111111111111', 'CN',  'Ciencias Naturales',  'núcleo', '#16a34a'),
  ('51111111-1111-1111-1111-111111111105', '11111111-1111-1111-1111-111111111111', 'ING', 'Inglés',              'núcleo', '#9333ea');

-- ---------- Períodos 2026 ----------
INSERT INTO gestion.periodo (id, colegio_id, ano, tipo, numero, nombre, fecha_inicio, fecha_termino, activo) VALUES
  ('61111111-1111-1111-1111-111111111101', '11111111-1111-1111-1111-111111111111', 2026, 'semestral', 1, '1er Semestre 2026', '2026-03-03', '2026-07-11', TRUE),
  ('61111111-1111-1111-1111-111111111102', '11111111-1111-1111-1111-111111111111', 2026, 'semestral', 2, '2do Semestre 2026', '2026-07-28', '2026-12-12', TRUE);

-- ---------- Carga académica del 6° Básico A (curso 31111111-...-111) ----------
INSERT INTO gestion.curso_asignatura_docente (curso_id, asignatura_id, docente_id, horas_semanales) VALUES
  ('31111111-1111-1111-1111-111111111111', '51111111-1111-1111-1111-111111111101', '21111111-1111-1111-1111-111111111111', 6),  -- Matemática · María González
  ('31111111-1111-1111-1111-111111111111', '51111111-1111-1111-1111-111111111102', '21111111-1111-1111-1111-111111111111', 6),  -- Lenguaje · María González
  ('31111111-1111-1111-1111-111111111111', '51111111-1111-1111-1111-111111111103', '21111111-1111-1111-1111-111111111112', 4),  -- Historia · Juan Rodríguez
  ('31111111-1111-1111-1111-111111111111', '51111111-1111-1111-1111-111111111104', '21111111-1111-1111-1111-111111111112', 4),  -- CN · Juan Rodríguez
  ('31111111-1111-1111-1111-111111111111', '51111111-1111-1111-1111-111111111105', '21111111-1111-1111-1111-111111111113', 3);  -- Inglés · Carolina Muñoz (orientadora, cubre acá)

-- Carga académica del 8° Básico A
INSERT INTO gestion.curso_asignatura_docente (curso_id, asignatura_id, docente_id, horas_semanales) VALUES
  ('31111111-1111-1111-1111-111111111112', '51111111-1111-1111-1111-111111111101', '21111111-1111-1111-1111-111111111112', 6),
  ('31111111-1111-1111-1111-111111111112', '51111111-1111-1111-1111-111111111102', '21111111-1111-1111-1111-111111111111', 6),
  ('31111111-1111-1111-1111-111111111112', '51111111-1111-1111-1111-111111111103', '21111111-1111-1111-1111-111111111112', 4),
  ('31111111-1111-1111-1111-111111111112', '51111111-1111-1111-1111-111111111104', '21111111-1111-1111-1111-111111111111', 4);

-- ---------- Calificaciones de ejemplo (6° Básico A, 1er semestre) ----------
-- Estudiantes:
--   Sofía López:  41111111-1111-1111-1111-111111111101
--   Tomás Martínez: 41111111-1111-1111-1111-111111111102
--   Valentina Soto: 41111111-1111-1111-1111-111111111103
-- Asignatura: MAT 51111111-...-101  | Período 1er sem: 61111111-...-101
-- Docente: María González 21111111-...-111

INSERT INTO gestion.calificacion (estudiante_id, asignatura_id, periodo_id, docente_id, nota, ponderacion, tipo, descripcion, fecha) VALUES
  -- Matemática - Prueba unidad 1 (15-abr)
  ('41111111-1111-1111-1111-111111111101', '51111111-1111-1111-1111-111111111101', '61111111-1111-1111-1111-111111111101', '21111111-1111-1111-1111-111111111111', 6.2, 100, 'coef_1', 'Prueba unidad 1', '2026-04-15'),
  ('41111111-1111-1111-1111-111111111102', '51111111-1111-1111-1111-111111111101', '61111111-1111-1111-1111-111111111101', '21111111-1111-1111-1111-111111111111', 5.5, 100, 'coef_1', 'Prueba unidad 1', '2026-04-15'),
  ('41111111-1111-1111-1111-111111111103', '51111111-1111-1111-1111-111111111101', '61111111-1111-1111-1111-111111111101', '21111111-1111-1111-1111-111111111111', 6.8, 100, 'coef_1', 'Prueba unidad 1', '2026-04-15'),
  -- Matemática - Tarea (22-abr)
  ('41111111-1111-1111-1111-111111111101', '51111111-1111-1111-1111-111111111101', '61111111-1111-1111-1111-111111111101', '21111111-1111-1111-1111-111111111111', 7.0, 100, 'tarea',  'Tarea fracciones', '2026-04-22'),
  ('41111111-1111-1111-1111-111111111102', '51111111-1111-1111-1111-111111111101', '61111111-1111-1111-1111-111111111101', '21111111-1111-1111-1111-111111111111', 5.0, 100, 'tarea',  'Tarea fracciones', '2026-04-22'),
  ('41111111-1111-1111-1111-111111111103', '51111111-1111-1111-1111-111111111101', '61111111-1111-1111-1111-111111111101', '21111111-1111-1111-1111-111111111111', 6.5, 100, 'tarea',  'Tarea fracciones', '2026-04-22'),
  -- Lenguaje - Control lectura (08-abr)
  ('41111111-1111-1111-1111-111111111101', '51111111-1111-1111-1111-111111111102', '61111111-1111-1111-1111-111111111101', '21111111-1111-1111-1111-111111111111', 6.9, 100, 'coef_1', 'Control de lectura', '2026-04-08'),
  ('41111111-1111-1111-1111-111111111102', '51111111-1111-1111-1111-111111111102', '61111111-1111-1111-1111-111111111101', '21111111-1111-1111-1111-111111111111', 4.8, 100, 'coef_1', 'Control de lectura', '2026-04-08'),
  ('41111111-1111-1111-1111-111111111103', '51111111-1111-1111-1111-111111111102', '61111111-1111-1111-1111-111111111101', '21111111-1111-1111-1111-111111111111', 6.2, 100, 'coef_1', 'Control de lectura', '2026-04-08'),
  -- Historia - Disertación (29-abr)
  ('41111111-1111-1111-1111-111111111101', '51111111-1111-1111-1111-111111111103', '61111111-1111-1111-1111-111111111101', '21111111-1111-1111-1111-111111111112', 6.4, 100, 'coef_1', 'Disertación pueblos originarios', '2026-04-29'),
  ('41111111-1111-1111-1111-111111111102', '51111111-1111-1111-1111-111111111103', '61111111-1111-1111-1111-111111111101', '21111111-1111-1111-1111-111111111112', 5.8, 100, 'coef_1', 'Disertación pueblos originarios', '2026-04-29'),
  ('41111111-1111-1111-1111-111111111103', '51111111-1111-1111-1111-111111111103', '61111111-1111-1111-1111-111111111101', '21111111-1111-1111-1111-111111111112', 7.0, 100, 'coef_1', 'Disertación pueblos originarios', '2026-04-29');

-- ---------- Asistencia 6° Básico A (5 días de muestra) ----------
INSERT INTO gestion.asistencia (estudiante_id, curso_id, fecha, estado, registrada_por_id) VALUES
  -- 5 may
  ('41111111-1111-1111-1111-111111111101', '31111111-1111-1111-1111-111111111111', '2026-05-05', 'presente',  '21111111-1111-1111-1111-111111111111'),
  ('41111111-1111-1111-1111-111111111102', '31111111-1111-1111-1111-111111111111', '2026-05-05', 'atrasado',  '21111111-1111-1111-1111-111111111111'),
  ('41111111-1111-1111-1111-111111111103', '31111111-1111-1111-1111-111111111111', '2026-05-05', 'presente',  '21111111-1111-1111-1111-111111111111'),
  -- 6 may
  ('41111111-1111-1111-1111-111111111101', '31111111-1111-1111-1111-111111111111', '2026-05-06', 'presente',  '21111111-1111-1111-1111-111111111111'),
  ('41111111-1111-1111-1111-111111111102', '31111111-1111-1111-1111-111111111111', '2026-05-06', 'ausente',   '21111111-1111-1111-1111-111111111111'),
  ('41111111-1111-1111-1111-111111111103', '31111111-1111-1111-1111-111111111111', '2026-05-06', 'presente',  '21111111-1111-1111-1111-111111111111'),
  -- 7 may
  ('41111111-1111-1111-1111-111111111101', '31111111-1111-1111-1111-111111111111', '2026-05-07', 'presente',    '21111111-1111-1111-1111-111111111111'),
  ('41111111-1111-1111-1111-111111111102', '31111111-1111-1111-1111-111111111111', '2026-05-07', 'justificado', '21111111-1111-1111-1111-111111111111'),
  ('41111111-1111-1111-1111-111111111103', '31111111-1111-1111-1111-111111111111', '2026-05-07', 'presente',    '21111111-1111-1111-1111-111111111111'),
  -- 8 may
  ('41111111-1111-1111-1111-111111111101', '31111111-1111-1111-1111-111111111111', '2026-05-08', 'presente', '21111111-1111-1111-1111-111111111111'),
  ('41111111-1111-1111-1111-111111111102', '31111111-1111-1111-1111-111111111111', '2026-05-08', 'presente', '21111111-1111-1111-1111-111111111111'),
  ('41111111-1111-1111-1111-111111111103', '31111111-1111-1111-1111-111111111111', '2026-05-08', 'atrasado', '21111111-1111-1111-1111-111111111111'),
  -- 11 may
  ('41111111-1111-1111-1111-111111111101', '31111111-1111-1111-1111-111111111111', '2026-05-11', 'presente', '21111111-1111-1111-1111-111111111111'),
  ('41111111-1111-1111-1111-111111111102', '31111111-1111-1111-1111-111111111111', '2026-05-11', 'presente', '21111111-1111-1111-1111-111111111111'),
  ('41111111-1111-1111-1111-111111111103', '31111111-1111-1111-1111-111111111111', '2026-05-11', 'presente', '21111111-1111-1111-1111-111111111111');

-- ---------- Anotaciones de ejemplo ----------
INSERT INTO gestion.anotacion (estudiante_id, docente_id, asignatura_id, fecha, tipo, categoria, descripcion) VALUES
  ('41111111-1111-1111-1111-111111111101', '21111111-1111-1111-1111-111111111111', '51111111-1111-1111-1111-111111111101', '2026-04-22', 'positiva', 'esfuerzo',  'Sofía mostró excelente disposición en la actividad grupal de fracciones, ayudando a sus compañeros.'),
  ('41111111-1111-1111-1111-111111111102', '21111111-1111-1111-1111-111111111111', '51111111-1111-1111-1111-111111111102', '2026-04-08', 'negativa', 'conducta',  'Tomás interrumpió varias veces el control de lectura conversando con su compañero.'),
  ('41111111-1111-1111-1111-111111111103', '21111111-1111-1111-1111-111111111112', '51111111-1111-1111-1111-111111111103', '2026-04-29', 'positiva', 'rendimiento', 'Valentina presentó una disertación destacada sobre los pueblos originarios, con material propio.');
